,id,content,name,subject,date,image_url,material,origin
0,5046,Fragmentary Contract,p.dura.34,Vertrag Land (?) unbestimmbar,Sept. - Nov. 116 v.Chr. (Monat unsicher),http://wwwapp.cc.columbia.edu/ldpd/app/apis/item?mode=item&key=yale.apis.3100110000,Pergament,Dura - Europos
1,27078,Official Letter (?),p.dura.45,Brief? (amtlich) Besuch (königlich),II - III,http://wwwapp.cc.columbia.edu/ldpd/app/apis/item?mode=item&key=yale.apis.4400010000,Papyrus,Dura - Europos
2,17222,Deed of Sale,p.dura.25,Vertrag Kauf Sklave Weingarten (Teil) Erbschaft,17. Febr. 180,http://wwwapp.cc.columbia.edu/ldpd/app/apis/item?mode=item&key=yale.apis.3100230000,Pergament,Dura - Europos
3,30495,Fragmentary Contract,p.dura.41,unbestimmbar,III,http://wwwapp.cc.columbia.edu/ldpd/app/apis/item?mode=item&key=yale.apis.4401200000,Papyrus,Dura - Europos
4,30502,Fragmentary List of Names (?),p.dura.51,Liste (?) Namen (?),III,http://wwwapp.cc.columbia.edu/ldpd/app/apis/item?mode=item&key=yale.apis.4400860000,Papyrus,Dura - Europos
5,30503,Fragmentary Account,p.dura.52,Abrechnung Namen Geld,III,http://wwwapp.cc.columbia.edu/ldpd/app/apis/item?mode=item&key=yale.apis.4400790000,Papyrus,Dura - Europos
6,30504,Greek Fragments,p.dura.137,Militär (?),III,http://wwwapp.cc.columbia.edu/ldpd/app/apis/item?mode=item&key=yale.apis.4400654200,Papyrus,Dura - Europos
7,30505,Greek Fragments,p.dura.144,unbestimmbar,III,http://wwwapp.cc.columbia.edu/ldpd/app/apis/item?mode=item&key=yale.apis.4401170000,Papyrus,Dura - Europos
8,30507,Greek Fragment,p.dura.147,unbestimmbar,III,http://wwwapp.cc.columbia.edu/ldpd/app/apis/item?mode=item&key=yale.apis.4400770000,Papyrus,Dura - Europos
9,30508,Greek Fragment,p.dura.148,unbestimmbar,III,http://wwwapp.cc.columbia.edu/ldpd/app/apis/item?mode=item&key=yale.apis.4400810000,Papyrus,Dura - Europos
10,30509,Greek Fragments,p.dura.149,unbestimmbar,frühes III,http://wwwapp.cc.columbia.edu/ldpd/app/apis/item?mode=item&key=yale.apis.4401150000,Papyrus,Dura - Europos
11,30510,Greek Fragments,p.dura.150,unbestimmbar,III,http://wwwapp.cc.columbia.edu/ldpd/app/apis/item?mode=item&key=yale.apis.4400970000,Papyrus,Dura - Europos
12,78866,Names,rom.mil.rec.1.134,Fragmente Liste ? Namen,III,,Papyrus,Dura - Europos
13,832321,Roster?,basp;56;100,Fragment Dienstplan (?) Militär (?),200 - 230,http://hdl.handle.net/10079/digcoll/2771868,papyrus,Dura - Europos
14,832322,P.CtYBR inv. DP 23 fr. a,basp;56;100_1,Armee,200 - 256,,Papyrus,Dura - Europos
15,832323,P.CtYBR inv. DP 23 fr. b,basp;56;101_2,Armee,200 - 256,,Papyrus,Dura - Europos
16,832324,P.CtYBR inv. DP 23 fr. h,basp;56;101_3,Armee,200 - 256,,Papyrus,Dura - Europos
17,832325,Roster?,basp;56;103_4,Fragment Dienstplan (?) Militär (?),200 - 230,,papyrus,Dura - Europos
18,832327,keiner,basp;56;103_6,Fragment,200 - 230,,papyrus,Dura - Europos
19,832328,keiner,basp;56;104_7,Fragment,200 - 230,,papyrus,Dura - Europos
20,832329,keiner,basp;56;105_8,Fragment,200 - 230,,papyrus,Dura - Europos
21,832330,Acta diurna?,basp;56;107_9,Fragment Truppentagebuch Militär (?),200 - 230,,papyrus,Dura - Europos
22,832331,keiner,basp;56;108_10,Fragment,200 - 225,,papyrus,Dura - Europos
23,832332,keiner,basp;56;108_11,Fragment,200 - 230,,papyrus,Dura - Europos
24,832333,keiner,basp;56;109_12,Fragment,200 - 230,,papyrus,Dura - Europos
25,832334,keiner,basp;56;109_13,Fragment,200 - 230,,papyrus,Dura - Europos
26,832335,keiner,basp;56;110_14,Fragment Militär (?),200 - 230,,papyrus,Dura - Europos
27,832336,Roster?,basp;56;111_15,Fragment Dienstplan (?) Militär (?),200 - 230,,papyrus,Dura - Europos
28,832338,Acta diurna?,basp;56;114_17,Fragment Truppentagebuch Militär (?),200 - 230,,papyrus,Dura - Europos
29,17228,Divorce,p.dura.31,Vertrag Scheidung,18. Juni 204,http://wwwapp.cc.columbia.edu/ldpd/app/apis/item?mode=item&key=yale.apis.3100220000,Pergament,Ossa (in der Nähe von Dura - Europos)
30,44835,List of Cavalrymen,p.dura.103,Liste Namen Soldaten Reiter,205 - 224,http://wwwapp.cc.columbia.edu/ldpd/app/apis/item?mode=item&key=yale.apis.4400384100,Papyrus,Dura - Europos
31,44846,List of Names,p.dura.114,Liste Namen,207 - 220,http://wwwapp.cc.columbia.edu/ldpd/app/apis/item?mode=item&key=yale.apis.4400634100,Papyrus,Dura - Europos
32,44776,"Letters from Provincial Headquarters, Assigning Mounts",rom.mil.rec.1.99,Briefe N.N. an N.N. Militär Zuweisung von Pferden,208,http://wwwapp.cc.columbia.edu/ldpd/app/apis/item?mode=item&key=yale.apis.4400080000,Papyrus,Dura - Europos
33,44779,Fragment of Letters,chla.6.312,Fragmente Briefe unbestimmbar,208 (?),http://wwwapp.cc.columbia.edu/ldpd/app/apis/item?mode=item&key=yale.apis.4400320000,Papyrus,Dura - Europos
34,44782,Lettres circulaires,chla.6.315,Fragmente Kopien Briefe N.N. an N.N.,ca. 208,http://wwwapp.cc.columbia.edu/ldpd/app/apis/item?mode=item&key=yale.apis.4400040000,Papyrus,Dura - Europos
35,78179,Opisthograph Fragment,p.dura.139,Fragment unbestimmbar,208 - 240 (?),http://wwwapp.cc.columbia.edu/ldpd/app/apis/item?mode=item&key=yale.apis.4401130000,Papyrus,Dura - Europos
36,78182,Latin Fragment,p.dura.145,Fragment unbestimmbar,208 - 256,http://wwwapp.cc.columbia.edu/ldpd/app/apis/item?mode=item&key=yale.apis.4400800000,Papyrus,Dura - Europos
37,44802,Fragment of Letters,rom.mil.rec.1.106,Fragmente Briefe N.N. an N.N.,ca. 210 - 220,http://wwwapp.cc.columbia.edu/ldpd/app/apis/item?mode=item&key=yale.apis.4400420000,Papyrus,Dura - Europos
38,44803,Fragmentary Correspondence,chla.7.329,Fragmente Brief N.N. an N.N.,210 - 249,http://wwwapp.cc.columbia.edu/ldpd/app/apis/item?mode=item&key=yale.apis.4400210000,Papyrus,Dura - Europos
39,44804,Fragments of Letters,chla.7.330,Fragmente Briefe N.N. an N.N.,ca. 210 - 220,http://wwwapp.cc.columbia.edu/ldpd/app/apis/item?mode=item&key=yale.apis.4400280000,Papyrus,Dura - Europos
40,44806,Fragmentary Letter,chla.7.331,Fragmente Brief N.N. an N.N.,ca. 210 - 225,http://wwwapp.cc.columbia.edu/ldpd/app/apis/item?mode=item&key=yale.apis.4400370000,Papyrus,Dura - Europos
41,44807,Fragments de lettres,chla.7.332,Fragmente Briefe N.N. an N.N.,ca. 210 - 230,http://wwwapp.cc.columbia.edu/ldpd/app/apis/item?mode=item&key=yale.apis.4400510000,Papyrus,Dura - Europos
42,44808,Fragment of Letter,rom.mil.rec.1.111,Fragment Brief N.N. an N.N.,ca. 210 - 230,http://wwwapp.cc.columbia.edu/ldpd/app/apis/item?mode=item&key=yale.apis.4400450000,Papyrus,Dura - Europos
43,44810,Fragmentary Letter,chla.7.334,Fragment Brief N.N. an N.N.,ca. 210 - 230,http://wwwapp.cc.columbia.edu/ldpd/app/apis/item?mode=item&key=yale.apis.4400520000,Papyrus,Dura - Europos
44,78176,Latin Fragment,p.dura.135,Fragment unbestimmbar,210 - 230,http://wwwapp.cc.columbia.edu/ldpd/app/apis/item?mode=item&key=yale.apis.4400610000,Papyrus,Dura - Europos
45,44791,Fragmentary Correspondence,rom.mil.rec.1.88,Fragmente Briefe unbestimmbar,1. Juli 211,http://wwwapp.cc.columbia.edu/ldpd/app/apis/item?mode=item&key=yale.apis.4400100031,Papyrus,Dura - Europos
46,44801,Fragment of Letter,rom.mil.rec.1.110,Fragment Brief N.N. an N.N.,211 - 222,http://wwwapp.cc.columbia.edu/ldpd/app/apis/item?mode=item&key=yale.apis.4400430000,Papyrus,Dura - Europos
47,78174,Latin Fragment,p.dura.133,Fragment unbestimmbar,211 - 217 (?) 235 - 238 (?),http://wwwapp.cc.columbia.edu/ldpd/app/apis/item?mode=item&key=yale.apis.4400660000,Papyrus,Dura - Europos
48,832326,keiner,basp;56;103_5,Fragment,212 - 230,,papyrus,Dura - Europos
49,44799,Fragment of Letter,rom.mil.rec.1.104,Fragment Brief N.N. an N.N.,213,http://wwwapp.cc.columbia.edu/ldpd/app/apis/item?mode=item&key=yale.apis.4400680000,Papyrus,Dura - Europos
50,44863,Labels,p.dura.130,Etiketten,215 - 245 (?),http://wwwapp.cc.columbia.edu/ldpd/app/apis/item?mode=item&key=yale.apis.4400600000,Papyrus,Dura - Europos
51,17236,Greek Fragment,p.dura.132,unbestimmbar,216,http://wwwapp.cc.columbia.edu/ldpd/app/apis/item?mode=item&key=yale.apis.4400130032,Papyrus,Dura - Europos
52,44786,Lettre officielle concernant les «frumentations»,chla.6.316,Brief (amtlich) N.N. an N.N. Militär Verpflegung,ca. 216,http://wwwapp.cc.columbia.edu/ldpd/app/apis/item?mode=item&key=yale.apis.4400180000,Papyrus,Dura - Europos
53,44788,Fragmentary Letter,rom.mil.rec.1.108,Fragment Brief unbestimmbar,ca. 216 - 220,http://wwwapp.cc.columbia.edu/ldpd/app/apis/item?mode=item&key=yale.apis.4400330000,Papyrus,Dura - Europos
54,44824,List of Principales,p.dura.93,Liste Namen Soldaten,216 - 232,http://wwwapp.cc.columbia.edu/ldpd/app/apis/item?mode=item&key=yale.apis.4400414100,Papyrus,Dura - Europos
55,44774,File of Letters,chla.6.310,Fragmente Briefe N.N. an N.N. Militär,218 - 220,http://wwwapp.cc.columbia.edu/ldpd/app/apis/item?mode=item&key=yale.apis.4401050000,Papyrus,Dura - Europos
56,44830,Roster,p.dura.98,Liste Namen Soldaten Dienst Plan,218 - 219,http://wwwapp.cc.columbia.edu/ldpd/app/apis/item?mode=item&key=yale.apis.4400114100,Papyrus,Dura - Europos
57,44831,List of Names,p.dura.99,Fragmente Liste Namen,ca. 218,http://wwwapp.cc.columbia.edu/ldpd/app/apis/item?mode=item&key=yale.apis.4400550000,Papyrus,Dura - Europos
58,44800,Fragment of Letter,rom.mil.rec.1.105,Fragment Brief N.N. an N.N.,ca. 219,http://wwwapp.cc.columbia.edu/ldpd/app/apis/item?mode=item&key=yale.apis.4400470000,Papyrus,Dura - Europos
59,44832,Roster,p.dura.100,Liste Namen Soldaten Dienst Plan,219,http://wwwapp.cc.columbia.edu/ldpd/app/apis/item?mode=item&key=yale.apis.4400124100,Papyrus,Dura - Europos
60,44850,List of Names,p.dura.118,Liste Namen,219 - 233 (?) 242 (?) 255 (?),http://wwwapp.cc.columbia.edu/ldpd/app/apis/item?mode=item&key=yale.apis.4400264200,Papyrus,Dura - Europos
61,44864,Marking on Equipment,p.dura.131,Beschriftung Etikett,219 - 225 (?),,Leder,Dura - Europos
62,17231,Fragmentary Contract,p.dura.39,Vertrag (?) unbestimmbar,ca. 220 - 240,http://wwwapp.cc.columbia.edu/ldpd/app/apis/item?mode=item&key=yale.apis.4401120000,Papyrus,Dura - Europos
63,17232,Fragmentary Contract,p.dura.40,unbestimmbar,220 - 240,http://wwwapp.cc.columbia.edu/ldpd/app/apis/item?mode=item&key=yale.apis.4401190000,Papyrus,Dura - Europos
64,44856,List of Names,p.dura.124,Fragment Liste Namen,220 - 230,http://wwwapp.cc.columbia.edu/ldpd/app/apis/item?mode=item&key=yale.apis.4400394200,Papyrus,Dura - Europos
65,78175,Latin Fragment,p.dura.134,Fragment unbestimmbar,220 - 222 (?),http://wwwapp.cc.columbia.edu/ldpd/app/apis/item?mode=item&key=yale.apis.4400500000,Papyrus,Dura - Europos
66,78180,Latin Fragment,p.dura.142,Fragment unbestimmbar,220 - 230,http://wwwapp.cc.columbia.edu/ldpd/app/apis/item?mode=item&key=yale.apis.4400394100,Papyrus,Dura - Europos
67,832337,Roster?,basp;56;113_16,Fragment Dienstplan (?) Militär (?),220 - 256,,papyrus,Dura - Europos
68,44792,Letters to the Tribune from a Praepositus,chla.6.319,Briefe N.N. an N.N. Militär,221,http://wwwapp.cc.columbia.edu/ldpd/app/apis/item?mode=item&key=yale.apis.4400150000,Papyrus,Dura - Europos
69,44794,Fragment of Letter,rom.mil.rec.1.109,Fragment Brief unbestimmbar,221,http://wwwapp.cc.columbia.edu/ldpd/app/apis/item?mode=item&key=yale.apis.4400230000,Papyrus,Dura - Europos
70,78181,Latin Fragment,p.dura.143,Fragment unbestimmbar,221 - 242,http://wwwapp.cc.columbia.edu/ldpd/app/apis/item?mode=item&key=yale.apis.4400560000,Papyrus,Dura - Europos
71,44796,Copy of Letter with Lists of Names by Centuries and Turmae,rom.mil.rec.1.92,Brief N.N. an N.N. Liste Namen Soldaten,13. März 222 - Dez. 225,http://wwwapp.cc.columbia.edu/ldpd/app/apis/item?mode=item&key=yale.apis.4400164200,Papyrus,Dura - Europos
72,44833,Roster,p.dura.101,Liste Namen Soldaten Dienst Plan,222,http://wwwapp.cc.columbia.edu/ldpd/app/apis/item?mode=item&key=yale.apis.4400124200,Papyrus,Dura - Europos
73,44834,Roster? List of Names by Centuries,p.dura.102,Liste Namen Soldaten,ca. 222 - 228,http://wwwapp.cc.columbia.edu/ldpd/app/apis/item?mode=item&key=yale.apis.4400164100,Papyrus,Dura - Europos
74,44852,"List of Names by Centuries, with Dates by Day and Month",p.dura.120,Liste Namen Soldaten,Okt. - Dez. 222,http://wwwapp.cc.columbia.edu/ldpd/app/apis/item?mode=item&key=yale.apis.4400294100,Papyrus,Dura - Europos
75,44813,Morning Report,p.dura.82,Bericht Militär Dienst,223 - 233,http://wwwapp.cc.columbia.edu/ldpd/app/apis/item?mode=item&key=yale.apis.4400034100,Papyrus,Dura - Europos
76,17224,Deed of Sale,p.dura.27,Vertrag Kauf,ca. 225 - 240,http://wwwapp.cc.columbia.edu/ldpd/app/apis/item?mode=item&key=yale.apis.4400880000,Papyrus,Dura - Europos
77,17235,Receipt of Money for Purchase of Barley,p.dura.129,Quittung Geld Preis Gerste,Dez. 225,http://wwwapp.cc.columbia.edu/ldpd/app/apis/item?mode=item&key=yale.apis.4400930000,Papyrus,Dura - Europos
78,44772,The Feriale Duranum,p.dura.54,Kalender Liste Feiertage,225 - 235,http://wwwapp.cc.columbia.edu/ldpd/app/apis/item?mode=item&key=yale.apis.4400020000,Papyrus,Dura - Europos
79,44821,Tabulation,p.dura.90,Fragment Liste Rechnungen,225 - 235,http://wwwapp.cc.columbia.edu/ldpd/app/apis/item?mode=item&key=yale.apis.4400384200,Papyrus,Dura - Europos
80,44822,Tabulation or Morning Report,p.dura.91,Fragment Liste Militär,ca. 225 - 235,http://wwwapp.cc.columbia.edu/ldpd/app/apis/item?mode=item&key=yale.apis.4400194100,Papyrus,Dura - Europos
81,44823,Tabulation,p.dura.92,Fragment Liste,ca. 225 - 235,http://wwwapp.cc.columbia.edu/ldpd/app/apis/item?mode=item&key=yale.apis.4400270000,Papyrus,Dura - Europos
82,58145,Greek Fragment,p.dura.140,Fragment unbestimmbar,225 - 235,http://wwwapp.cc.columbia.edu/ldpd/app/apis/item?mode=item&key=yale.apis.4400194200,Papyrus,Dura - Europos
83,17223,Deed of Sale,p.dura.26,Vertrag Kauf Land (Weingarten) Geld,26. Mai 227,http://wwwapp.cc.columbia.edu/ldpd/app/apis/item?mode=item&key=yale.apis.4401010000,Papyrus,Sachare (in der Nähe von Dura - Europos)
84,17237,Greek Fragment,p.dura.141,unbestimmbar,230 - 240,http://wwwapp.cc.columbia.edu/ldpd/app/apis/item?mode=item&key=yale.apis.4400414200,Papyrus,Dura - Europos
85,44816,Morning Report (?),p.dura.85,Fragmente Bericht Militär Dienst,ca. 230,http://wwwapp.cc.columbia.edu/ldpd/app/apis/item?mode=item&key=yale.apis.4400314100,Papyrus,Dura - Europos
86,44818,Morning Report (?),p.dura.87,Fragmente Bericht (?) Militär,ca. 230,http://wwwapp.cc.columbia.edu/ldpd/app/apis/item?mode=item&key=yale.apis.4400654100,Papyrus,Dura - Europos
87,44845,Tours de garde ?,chla.9.368,Liste Namen Soldaten,230 - 240 (?),http://wwwapp.cc.columbia.edu/ldpd/app/apis/item?mode=item&key=yale.apis.4400314200,Papyrus,Dura - Europos
88,78177,Latin Fragment,p.dura.136,Fragment unbestimmbar,ca. 230,http://wwwapp.cc.columbia.edu/ldpd/app/apis/item?mode=item&key=yale.apis.4400780000,Papyrus,Dura - Europos
89,17227,Marriage Contract,p.dura.30,Vertrag Ehe,1. Okt. 232,http://wwwapp.cc.columbia.edu/ldpd/app/apis/item?mode=item&key=yale.apis.4400740000,Papyrus,Qatna (in der Nähe von Dura - Europos)
90,44797,Fragments de lettres,rom.mil.rec.1.94,Fragmente Briefe N.N. an N.N.,ca. 232 - 238,http://wwwapp.cc.columbia.edu/ldpd/app/apis/item?mode=item&key=yale.apis.4400404100,Papyrus,Dura - Europos
91,44847,List of Names by Turmae and Centuries,p.dura.115,Liste Namen Soldaten,232,http://wwwapp.cc.columbia.edu/ldpd/app/apis/item?mode=item&key=yale.apis.4400344200,Papyrus,Dura - Europos
92,44814,Morning Report,p.dura.83,Bericht Militär Dienst,233,http://wwwapp.cc.columbia.edu/ldpd/app/apis/item?mode=item&key=yale.apis.4400174100,Papyrus,Dura - Europos
93,44815,Morning Report (?),p.dura.84,Fragment Bericht Militär Dienst,ca. 233,http://wwwapp.cc.columbia.edu/ldpd/app/apis/item?mode=item&key=yale.apis.4400674100,Papyrus,Dura - Europos
94,44838,Guard Roster,p.dura.106,Liste Namen Soldaten Plan Wache,5. Sept. 233 - 241,http://wwwapp.cc.columbia.edu/ldpd/app/apis/item?mode=item&key=yale.apis.4400174200,Papyrus,Dura - Europos
95,44798,Listes de soldats et fragments de lettres (?),rom.mil.rec.1.95,Fragment Liste,235 - 238,http://wwwapp.cc.columbia.edu/ldpd/app/apis/item?mode=item&key=yale.apis.4400404200,Papyrus,Dura - Europos
96,44811,Fragments of Letters,chla.7.335,Fragmente Briefe N.N. an N.N.,ca. 235 - 245,http://wwwapp.cc.columbia.edu/ldpd/app/apis/item?mode=item&key=yale.apis.4400590000,Papyrus,Dura - Europos
97,44840,Guard Roster (?),p.dura.108,Dienst Plan Wache,235 - 240,http://wwwapp.cc.columbia.edu/ldpd/app/apis/item?mode=item&key=yale.apis.4400674200,Papyrus,Dura - Europos
98,44859,Decision of a Tribune,p.dura.125,Protokoll Gericht Urteil,20. Apr. 235,http://wwwapp.cc.columbia.edu/ldpd/app/apis/item?mode=item&key=yale.apis.4400060000,Papyrus,Dura - Europos
99,44860,Decision of a Tribune,p.dura.126,Protokoll Gericht Urteil,20. Apr. 235,http://wwwapp.cc.columbia.edu/ldpd/app/apis/item?mode=item&key=yale.apis.4400050000,Papyrus,Dura - Europos
100,44861,Decision of a Tribune (?),p.dura.127,Fragment Protokoll Gericht,ca. 235,http://wwwapp.cc.columbia.edu/ldpd/app/apis/item?mode=item&key=yale.apis.4401180000,Papyrus,Dura - Europos
101,44848,Names and Notations by Centuries and Turmae; List of Principales?,p.dura.116,Liste Namen Soldaten,236,http://wwwapp.cc.columbia.edu/ldpd/app/apis/item?mode=item&key=yale.apis.4400764100,Papyrus,Dura - Europos
102,44849,"List of Names by Centuries, with Numerals",p.dura.117,Liste Namen Soldaten,236,http://wwwapp.cc.columbia.edu/ldpd/app/apis/item?mode=item&key=yale.apis.4400764200,Papyrus,Dura - Europos
103,78178,Opisthograph Fragment,p.dura.138,Fragment unbestimmbar,236 - 256 (?),http://wwwapp.cc.columbia.edu/ldpd/app/apis/item?mode=item&key=yale.apis.4401160000,Papyrus,Dura - Europos
104,44819,Morning Report,p.dura.88,Bericht Militär,238 - 244 (?),http://wwwapp.cc.columbia.edu/ldpd/app/apis/item?mode=item&key=yale.apis.4400220000,Papyrus,Dura - Europos
105,44836,List of Names,rom.mil.rec.1.3,Fragment Liste Namen Soldaten,238 - 247,http://wwwapp.cc.columbia.edu/ldpd/app/apis/item?mode=item&key=yale.apis.4400304100,Papyrus,Dura - Europos
106,44855,List of Names,p.dura.123,Liste Namen,238 - 247,http://wwwapp.cc.columbia.edu/ldpd/app/apis/item?mode=item&key=yale.apis.4400304200,Papyrus,Dura - Europos
107,44820,Morning Report,p.dura.89,Bericht Militär Dienst,26. - 29. Mai 239,http://wwwapp.cc.columbia.edu/ldpd/app/apis/item?mode=item&key=yale.apis.4400094100,Papyrus,Dura - Europos
108,44853,Record of Accessions by Transfer,p.dura.121,Liste Namen Soldaten Versetzung,28. Juni 239 (Jahr unsicher) 28. Juni 241 (Jahr unsicher),http://wwwapp.cc.columbia.edu/ldpd/app/apis/item?mode=item&key=yale.apis.4400264100,Papyrus,Dura - Europos
109,44780,Copy of Letter Assigning Mounts,chla.6.313,Kopie Brief N.N. an N.N. Militär Pferde,240 - 250 (?),http://wwwapp.cc.columbia.edu/ldpd/app/apis/item?mode=item&key=yale.apis.4400634200,Papyrus,Dura - Europos
110,44817,Fragment,p.dura.86,Fragment Militär (?),ca. 240,http://wwwapp.cc.columbia.edu/ldpd/app/apis/item?mode=item&key=yale.apis.4400540000,Papyrus,Dura - Europos
111,44839,Guard Roster,p.dura.107,Plan Dienst Wache,22. - 24. Mai 240 (Jahr unsicher) 22. - 24. Mai 241 (Jahr unsicher),http://wwwapp.cc.columbia.edu/ldpd/app/apis/item?mode=item&key=yale.apis.4400094200,Papyrus,Dura - Europos
112,44781,Letter from a Governor of Syria,rom.mil.rec.1.114,Brief N.N. an N.N. Militär,ca. 241,http://wwwapp.cc.columbia.edu/ldpd/app/apis/item?mode=item&key=yale.apis.4400070000,Papyrus,Dura - Europos
113,44854,List by Centuries of Soldiers of the Same Year,p.dura.122,Liste Namen Soldaten,242 - 249,http://wwwapp.cc.columbia.edu/ldpd/app/apis/item?mode=item&key=yale.apis.4400460000,Papyrus,Dura - Europos
114,44812,Fragment of the Copy of a Letter,p.dura.81,Fragment Kopie Brief N.N. an N.N.,243 - 244 (?),http://wwwapp.cc.columbia.edu/ldpd/app/apis/item?mode=item&key=yale.apis.4400294200,Papyrus,Dura - Europos
115,44828,List of Names with Ranks,p.dura.96,Fragmente Liste Namen Soldaten,ca. 245 - 255,http://wwwapp.cc.columbia.edu/ldpd/app/apis/item?mode=item&key=yale.apis.4400360000,Papyrus,Dura - Europos
116,44862,Fragments of an Official Journal,p.dura.128,Fragmente Amtstagebuch commentarii,ca. 245 (?),http://wwwapp.cc.columbia.edu/ldpd/app/apis/item?mode=item&key=yale.apis.4400140000,Papyrus,Dura - Europos
117,44827,Strength Report,p.dura.95,Liste Namen Soldaten Stärke Truppen,Okt. 250 - Juli 251,http://wwwapp.cc.columbia.edu/ldpd/app/apis/item?mode=item&key=yale.apis.4400344100,Papyrus,Dura - Europos
118,44837,Roster,p.dura.105,Fragment Liste Namen Soldaten Plan,250 - 256,http://wwwapp.cc.columbia.edu/ldpd/app/apis/item?mode=item&key=yale.apis.4400344200,Papyrus,Dura - Europos
119,17226,Deposit,p.dura.29,Vertrag Verwahrung Geld,2. Okt. 251 (Jahr unsicher),http://wwwapp.cc.columbia.edu/ldpd/app/apis/item?mode=item&key=yale.apis.4400730000,Papyrus,Dura - Europos
120,44829,List of Men and Mounts,p.dura.97,Liste Soldaten Pferde,31. Aug. 251,http://wwwapp.cc.columbia.edu/ldpd/app/apis/item?mode=item&key=yale.apis.4400034200,Papyrus,Dura - Europos
121,17229,Divorce,p.dura.32,Vertrag Scheidung,30. Apr. 254 (Tag unsicher),http://wwwapp.cc.columbia.edu/ldpd/app/apis/item?mode=item&key=yale.apis.4400900000,Papyrus,Dura - Europos
122,78173,File Copy of a Sale Subject to Redemption,p.dura.15,Vertrag Kauf Land Darlehen Abgaben Kopie Auszug Register,II v.Chr.,,Pergament,Dura - Europos
123,25135,Application of a Tax - Farmer,p.dura.13,Antrag Steuern Pacht Steuer (Eintreiber) Geld,spätes I,,Pergament / Leder,Dura - Europos
124,25136,Report of Litigation (?),p.dura.14,Akten? (Gericht?),spätes I - frühes II,http://wwwapp.cc.columbia.edu/ldpd/app/apis/item?mode=item&key=yale.apis.3100290000,Pergament / Leder,Dura - Europos
125,25137,Registry Roll of Copies,p.dura.16,Kopien Auszüge Testament Register Verträge,spätes I,http://wwwapp.cc.columbia.edu/ldpd/app/apis/item?mode=item&key=yale.apis.3100280031,Pergament,Dura - Europos
126,17216,Deed of Gift,p.dura.18,Schenkung Besitz Darlehen Sklaven Ehe,28. Juli 87,http://wwwapp.cc.columbia.edu/ldpd/app/apis/item?mode=item&key=yale.apis.3100210000,Pergament,Dura - Europos
127,17217,Mutual Distribution,p.dura.19,Teilung Erbschaft Haus Geld Vertrag,88 - 89,http://wwwapp.cc.columbia.edu/ldpd/app/apis/item?mode=item&key=yale.apis.3100400000,Pergament,Dura - Europos
128,27074,Antichretic Loan,p.dura.21,Vertrag Darlehen Geld Antichresis Dienst Arbeit,1. Hälfte II,,Pergament,Dura - Europos
129,27075,Fragmentary Contract,p.dura.35,Vertrag Kauf (?),II,http://wwwapp.cc.columbia.edu/ldpd/app/apis/item?mode=item&key=yale.apis.3100390000,Pergament,Dura - Europos
130,27076,Fragmentary Contract,p.dura.36,Vertrag unbestimmbar Namen (?),II,http://wwwapp.cc.columbia.edu/ldpd/app/apis/item?mode=item&key=yale.apis.3100310000,Pergament,Dura - Europos
131,17218,Antichretic Loan,p.dura.20,Vertrag Darlehen Geld Antichresis Dienst Arbeit,29. Juni 121,http://wwwapp.cc.columbia.edu/ldpd/app/apis/item?mode=item&key=yale.apis.3100100000,Pergament,Paliga (Iardas in der Nähe von Dura - Europos)
132,17219,Loan on Security,p.dura.22,Vertrag Darlehen Geld,133 - 134,http://wwwapp.cc.columbia.edu/ldpd/app/apis/item?mode=item&key=yale.apis.3100130000,Pergament,Dura - Europos
133,17220,Antichretic Loan,p.dura.23,Vertrag Darlehen Geld Antichresis Wein,29. Okt. 133,http://wwwapp.cc.columbia.edu/ldpd/app/apis/item?mode=item&key=yale.apis.3100320000,Pergament,Ossa (in der Nähe von Dura - Europos)
134,17221,Acknowledgement of Indebtedness,p.dura.24,Vertrag (?) Darlehen (?) Geld Anichresis (?) Schuld Bestätigung,159 - 160,http://wwwapp.cc.columbia.edu/ldpd/app/apis/item?mode=item&key=yale.apis.3100260000,Pergament,Dura - Europos
135,27077,Fragmentary Contract,p.dura.37,Titulatur,spätes II,http://wwwapp.cc.columbia.edu/ldpd/app/apis/item?mode=item&key=yale.apis.3100340000,Pergament,Dura - Europos
136,17215,Registry Roll of Copies,p.dura.17,Kopien Auszüge Verträge Register Darlehen Zession Land Geld Schenkung Sklaven Darlehen Rückzahlung Hypothek Besitz Antichresis,ca. 180,,Leder,Dura - Europos
137,30496,Fragmentary Contract,p.dura.42,unbestimmbar,III,http://wwwapp.cc.columbia.edu/ldpd/app/apis/item?mode=item&key=yale.apis.4400820000,Papyrus,Dura - Europos
138,30498,Private Letter from a Soldier,p.dura.46,Brief (privat) Barsabbathas an Heliodoros Grüße Flucht,frühes III,http://wwwapp.cc.columbia.edu/ldpd/app/apis/item?mode=item&key=yale.apis.4400750000,Papyrus,Antiocheia
139,30499,Assessment of the Tribe of Zebeinas,p.dura.47,Liste Namen Abgaben,III,,Pergament,Dura - Europos
140,30500,List of Arabs,p.dura.49,Liste Namen,III,http://wwwapp.cc.columbia.edu/ldpd/app/apis/item?mode=item&key=yale.apis.3100300000,Pergament,Dura - Europos
141,30501,Fragmentary List of Names,p.dura.50,Liste Namen Geld,III,,Pergament,Dura - Europos
142,30506,Greek Fragment,p.dura.146,unbestimmbar,III (?),http://wwwapp.cc.columbia.edu/ldpd/app/apis/item?mode=item&key=yale.apis.3100180000,Pergament,Dura - Europos
143,30494,Fragmentary Contract,p.dura.38,unbestimmbar Namen,III,http://wwwapp.cc.columbia.edu/ldpd/app/apis/item?mode=item&key=yale.apis.3100270000,Pergament,Dura - Europos
144,17214,Extract from the Registry Law of Succession,p.dura.12,Auszug Gesetz Erbschaft,225 - 250,,Pergament / Leder,Dura - Europos
145,44851,List of Names,p.dura.119,Liste Namen,ca. 230 - 240,http://wwwapp.cc.columbia.edu/ldpd/app/apis/item?mode=item&key=yale.apis.3100160000,Pergament,Dura - Europos
146,17230,Inventory of Personal Effects,p.dura.33,Liste Kleidung,240 - 250,,Pergament/ Leder,Dura - Europos
147,44826,Summary of Dispositions of Soldiers,p.dura.94,Liste Soldaten,ca. 240,,Pergament,Dura - Europos
148,44844,Guard Roster?. Centuries and Numerals,p.dura.112,Dienst Plan Wache (?) Militär Zenturien,241 - 250,http://wwwapp.cc.columbia.edu/ldpd/app/apis/item?mode=item&key=yale.apis.3100170000,Pergament,Dura - Europos
149,44841,Guard Roster,p.dura.109,Dienst Plan Wache,242 - 256,http://wwwapp.cc.columbia.edu/ldpd/app/apis/item?mode=item&key=yale.apis.3100140000,Pergament,Dura - Europos
150,44842,Guard Roster,p.dura.110,Dienst Plan Wache,242 - 256,http://wwwapp.cc.columbia.edu/ldpd/app/apis/item?mode=item&key=yale.apis.3100190000,Pergament,Dura - Europos
151,44843,Uncertain Fragment,p.dura.111,Fragment unbestimmbar Dienstplan (?),242 - 256,http://wwwapp.cc.columbia.edu/ldpd/app/apis/item?mode=item&key=yale.apis.3100150000,Pergament,Dura - Europos
152,17225,Syriac Deed of Sale,p.dura.28,"Griechische Unterschriften (Vertrag, Kauf, Sklavin, Geld)",243,http://wwwapp.cc.columbia.edu/ldpd/app/apis/item?mode=item&key=yale.apis.3100200000,Pergament,Dura - Europos
153,31114,Entfernungsangaben für eine römische Straße,sb.6.9584,Liste Angaben über Entfernungen,III,,Pergament,Dura - Europos
154,17234,List of Women,p.dura.48,Liste Namen,ca. 250,,Pergament,Dura - Europos
155,60015,TM 60015,60015,literature classical Herodotus; Historiae 05.113-114,100 - 199,,papyrus,"Found: Doura (Mesopotamia, Syria); written: Doura (Mesopotamia, Syria)"
156,63444,P. Dura. 4,63444,literature classical prose,100 - 199,,papyrus,"Found: Doura (Mesopotamia, Syria); written: Doura (Mesopotamia, Syria)"
157,63445,P. Dura. 6,63445,literature classical prose,100 - 199,,papyrus,"Found: Doura (Mesopotamia, Syria); written: Doura (Mesopotamia, Syria)"
158,63446,P. Dura. 5,63446,literature classical prose,100 - 199,,papyrus,"Found: Doura (Mesopotamia, Syria); written: Doura (Mesopotamia, Syria)"
159,59208,TM 59208,59208,literature classical Appianus; Bellum civile 2.8; Iberica 16,200 - 299,,papyrus,"Found: Doura (Mesopotamia, Syria); written: Doura (Mesopotamia, Syria)"
160,64014,TM 64014,64014,literature classical Demosthenes; In Aristocratem (023).55,200 - 299,,papyrus,"Found: Doura (Mesopotamia, Syria); written: Doura (Mesopotamia, Syria)"
161,64015,P. Dura. 9,64015,literature classical prose,200 - 299,,papyrus,"Found: Doura (Mesopotamia, Syria); written: Doura (Mesopotamia, Syria)"
162,64016,P. Dura. 8,64016,literature classical prose,200 - 299,,papyrus,"Found: Doura (Mesopotamia, Syria); written: Doura (Mesopotamia, Syria)"
163,60444,P. Dura. 3,60444,"literature science classical Homerus, Homerica; glossary to Ilias 04.302-316",100 - 199,,parchment,"Found: Doura (Mesopotamia, Syria); written: Doura (Mesopotamia, Syria)"
164,171914,P. Dura. 11,171914,religion Jewish,200 - 299,,parchment,"Found: Doura (Mesopotamia, Syria); written: Doura (Mesopotamia, Syria)"
165,44795,keiner,p.dura.66,Brief N.N. an N.N. Militär,Juli 216,http://wwwapp.cc.columbia.edu/ldpd/app/apis/item?mode=item&key=yale.apis.4400130031,Papyrus,Dura - Europos
